-- Classes
INSERT INTO classes (name, teacher_email) VALUES
  ('כיתה 1', 'teacher1@gmail.com'),
  ('כיתה 2', 'teacher2@gmail.com');

-- Practice Sets
INSERT INTO practice_sets (set_number, topic, difficulty_level) VALUES
  (1,  'הבנת הנקרא - משפטים פשוטים', 1),
  (2,  'הבנת הנקרא - משפטים פשוטים', 1),
  (3,  'הבנת הנקרא - משפטים מורכבים', 2),
  (4,  'הבנת הנקרא - משפטים מורכבים', 2),
  (5,  'הבנת הנקרא - סיבה ותוצאה', 3),
  (6,  'הבנת הנקרא - סיבה ותוצאה', 3),
  (7,  'הבנת הנקרא - קטעים מידעיים', 4),
  (8,  'הבנת הנקרא - קטעים מידעיים', 4),
  (9,  'הבנת הנקרא - קטעים מתקדמים', 5),
  (10, 'הבנת הנקרא - קטעים מתקדמים', 5);

-- ===== SET 1: Level 1, Questions 1-10 =====
INSERT INTO questions (practice_set_id, question_order, question_text, answer_option_1, answer_option_2, answer_option_3, answer_option_4, correct_answer_number) VALUES
(1, 1, 'התלמיד הלך בבוקר לבית הספר. לאן הלך התלמיד?', 'לבית', 'לפארק', 'לבית הספר', 'לחנות', 3),
(1, 2, 'אמא מבשלת אוכל במטבח. מה אמא עושה?', 'קוראת ספר', 'ישנה', 'מבשלת אוכל', 'יוצאת מהבית', 3),
(1, 3, 'החברים נסעו בשבת לים. מתי הם נסעו?', 'ביום ראשון', 'בלילה', 'בשבת', 'בבוקר', 3),
(1, 4, 'הילד שיחק כדורגל עם חברים. עם מי הילד שיחק?', 'עם מורה', 'לבד', 'עם אח', 'עם חברים', 4),
(1, 5, 'האיש קנה אוכל בחנות. מה האיש קנה?', 'בגדים', 'צעצועים', 'ספרים', 'אוכל', 4),
(1, 6, 'התלמידים לומדים בכיתה. איפה התלמידים לומדים?', 'בפארק', 'בבית', 'ברחוב', 'בכיתה', 4),
(1, 7, 'התלמיד קורא ספר. מה התלמיד עושה?', 'כותב', 'משחק', 'קורא ספר', 'רץ', 3),
(1, 8, 'אנשים אוכלים ארוחת בוקר בבוקר. מתי אוכלים ארוחת בוקר?', 'בערב', 'בלילה', 'בצהריים', 'בבוקר', 4),
(1, 9, 'הילדים משחקים בפארק. איפה הילדים משחקים?', 'בבית', 'בבית ספר', 'בפארק', 'בחנות', 3),
(1, 10, 'הרופא עובד בבית חולים. איפה הרופא עובד?', 'בבית ספר', 'בחנות', 'במשרד', 'בבית חולים', 4);

-- ===== SET 2: Level 1, Questions 11-20 =====
INSERT INTO questions (practice_set_id, question_order, question_text, answer_option_1, answer_option_2, answer_option_3, answer_option_4, correct_answer_number) VALUES
(2, 1, 'הילד שותה מים. מה הילד שותה?', 'חלב', 'מיץ', 'קפה', 'מים', 4),
(2, 2, 'האיש ישן בלילה. מתי האיש ישן?', 'בבוקר', 'בצהריים', 'בערב', 'בלילה', 4),
(2, 3, 'הספר נמצא במדף. איפה נמצא הספר?', 'בתיק', 'על הרצפה', 'בשולחן', 'במדף', 4),
(2, 4, 'התלמיד לומד בשיעור. מה התלמיד עושה בשיעור?', 'משחק', 'ישן', 'רץ', 'לומד', 4),
(2, 5, 'הילד הולך לישון בלילה. מתי הילד הולך לישון?', 'בבוקר', 'בצהריים', 'בערב', 'בלילה', 4),
(2, 6, 'הילדים משחקים עם חברים. עם מי הילדים משחקים?', 'עם מורים', 'לבד', 'עם הורים', 'עם חברים', 4),
(2, 7, 'האנשים גרים בבית. איפה האנשים גרים?', 'ברחוב', 'בעבודה', 'בבית ספר', 'בבית', 4),
(2, 8, 'הילד קורא ספר חדש. מה הילד עושה?', 'אוכל', 'שותה', 'כותב', 'קורא ספר', 4),
(2, 9, 'התלמיד הולך לבית הספר בבוקר. מתי התלמיד הולך לבית הספר?', 'בלילה', 'בערב', 'בצהריים', 'בבוקר', 4),
(2, 10, 'כשחם הילד שותה מים. מה הילד עושה כשחם?', 'לובש מעיל', 'אוכל', 'ישן', 'שותה מים', 4);

-- ===== SET 3: Level 2, Questions 1-10 =====
INSERT INTO questions (practice_set_id, question_order, question_text, answer_option_1, answer_option_2, answer_option_3, answer_option_4, correct_answer_number) VALUES
(3, 1, 'התלמיד הלך לבית הספר אחרי שאכל ארוחת בוקר. מתי הלך התלמיד לבית הספר?', 'לפני שאכל', 'בזמן שאכל', 'אחרי שאכל', 'בלילה', 3),
(3, 2, 'אמא קנתה ירקות ופירות בשוק. מה אמא קנתה?', 'בגדים', 'ספרים', 'צעצועים', 'ירקות ופירות', 4),
(3, 3, 'הילד שיחק כדורגל עם חברים אחרי בית הספר. מתי שיחק הילד כדורגל?', 'לפני בית הספר', 'בבוקר', 'אחרי בית הספר', 'בלילה', 3),
(3, 4, 'האיש נסע באוטובוס לעבודה כי לא היה לו רכב. למה האיש נסע באוטובוס?', 'כי הוא אוהב אוטובוסים', 'כי הוא רצה לטייל', 'כי היה מאוחר', 'כי לא היה לו רכב', 4),
(3, 5, 'התלמיד למד לבחינה במשך שעתיים בבית. כמה זמן התלמיד למד?', 'שעה', 'שלוש שעות', 'שעתיים', 'יום שלם', 3),
(3, 6, 'הילדים אכלו גלידה אחרי שהם שיחקו בפארק. מה עשו הילדים אחרי המשחק?', 'חזרו הביתה', 'שתו מים', 'אכלו גלידה', 'למדו', 3),
(3, 7, 'המורה הסביר את החומר כדי שהתלמידים יבינו יותר טוב. למה המורה הסביר את החומר?', 'כדי לסיים מהר', 'כדי ללכת הביתה', 'כדי לבדוק תלמידים', 'כדי שהתלמידים יבינו', 4),
(3, 8, 'האיש קם מוקדם כדי להגיע לעבודה בזמן. למה האיש קם מוקדם?', 'כי הוא עייף', 'כי הוא אוהב בוקר', 'כי אין לו עבודה', 'כדי להגיע לעבודה בזמן', 4),
(3, 9, 'הילדה קראה ספר מעניין במשך כל הערב. מה הילדה עשתה בערב?', 'שיחקה', 'למדה', 'קראה ספר', 'ישנה', 3),
(3, 10, 'החברים נפגשו בבית כדי ללמוד יחד לבחינה. למה החברים נפגשו?', 'כדי לשחק', 'כדי לאכול', 'כדי לטייל', 'כדי ללמוד לבחינה', 4);

-- ===== SET 4: Level 2, Questions 11-20 =====
INSERT INTO questions (practice_set_id, question_order, question_text, answer_option_1, answer_option_2, answer_option_3, answer_option_4, correct_answer_number) VALUES
(4, 1, 'האיש קנה כרטיס לרכבת ונסע לעיר אחרת. איך האיש נסע לעיר?', 'באוטובוס', 'ברכב', 'במטוס', 'ברכבת', 4),
(4, 2, 'התלמיד לא הבין את השאלה ולכן ביקש עזרה מהמורה. מה עשה התלמיד כשלא הבין?', 'הלך הביתה', 'כתב תשובה', 'ביקש עזרה', 'ישן', 3),
(4, 3, 'הילד סידר את החדר לפני שהחברים הגיעו. מתי הילד סידר את החדר?', 'אחרי שהחברים הגיעו', 'בזמן שהם היו שם', 'בלילה', 'לפני שהחברים הגיעו', 4),
(4, 4, 'האישה עבדה קשה כדי להצליח בעבודה החדשה. למה האישה עבדה קשה?', 'כדי לנוח', 'כדי לעזוב', 'כדי ללמוד', 'כדי להצליח בעבודה', 4),
(4, 5, 'התלמידים יצאו להפסקה אחרי השיעור הארוך. מתי יצאו התלמידים להפסקה?', 'לפני השיעור', 'באמצע השיעור', 'בלילה', 'אחרי השיעור', 4),
(4, 6, 'האיש שתה מים כי היה לו חם מאוד. למה האיש שתה מים?', 'כי היה רעב', 'כי רצה לישון', 'כי היה עייף', 'כי היה לו חם', 4),
(4, 7, 'הילדה כתבה במחברת כדי לזכור את החומר. למה הילדה כתבה?', 'כדי לצייר', 'כדי לדבר', 'כדי לשחק', 'כדי לזכור את החומר', 4),
(4, 8, 'המשפחה נסעה לטיול בצפון ביום שבת. לאן המשפחה נסעה?', 'לים', 'לעיר', 'לצפון', 'לבית ספר', 3),
(4, 9, 'התלמיד חזר הביתה אחרי שסיים את הלימודים. מתי התלמיד חזר הביתה?', 'לפני הלימודים', 'באמצע היום', 'בלילה', 'אחרי הלימודים', 4),
(4, 10, 'הילדים צפו בטלוויזיה אחרי שסיימו את שיעורי הבית. מה עשו הילדים אחרי שיעורי הבית?', 'יצאו מהבית', 'אכלו', 'ישנו', 'צפו בטלוויזיה', 4);

-- ===== SET 5: Level 3, Questions 1-10 =====
INSERT INTO questions (practice_set_id, question_order, question_text, answer_option_1, answer_option_2, answer_option_3, answer_option_4, correct_answer_number) VALUES
(5, 1, 'התלמיד החליט לשנות את שיטת הלמידה לאחר שלא הצליח במבחן הקודם. למה התלמיד שינה את שיטת הלמידה?', 'כי רצה לנסות משהו חדש', 'כי המורה ביקש', 'כי חברים המליצו', 'כי לא הצליח במבחן הקודם', 4),
(5, 2, 'האישה דחתה את הפגישה למרות שהייתה חשובה, בגלל מצב חירום בבית. למה האישה דחתה את הפגישה?', 'כי לא רצתה להגיע', 'כי שכחה', 'כי הייתה עייפה', 'בגלל מצב חירום בבית', 4),
(5, 3, 'למרות שהייתה עייפה, הילדה המשיכה ללמוד כדי להתכונן למבחן החשוב. למה הילדה המשיכה ללמוד?', 'כי לא הייתה עייפה', 'כי רצתה לשחק', 'כי המורה דרש', 'כדי להתכונן למבחן', 4),
(5, 4, 'האיש בדק את כל האפשרויות לפני שקיבל החלטה סופית. מה האיש עשה לפני שקיבל החלטה?', 'בחר מיד', 'שאל חברים', 'התייעץ עם המשפחה', 'בדק את כל האפשרויות', 4),
(5, 5, 'התלמידים התקשו להבין את הנושא החדש, ולכן ביקשו הסבר נוסף מהמורה. למה התלמידים ביקשו הסבר נוסף?', 'כי היה להם משעמם', 'כי רצו לסיים מהר', 'כי לא הקשיבו', 'כי התקשו להבין את הנושא', 4),
(5, 6, 'למרות מזג האוויר הקשה, העובדים המשיכו בעבודתם כרגיל. מה עשו העובדים למרות מזג האוויר?', 'חזרו הביתה', 'הפסיקו לעבוד', 'חיכו', 'המשיכו לעבוד כרגיל', 4),
(5, 7, 'הילד התלבט בין שתי אפשרויות לפני שבחר במה שנראה לו נכון יותר. מה הילד עשה לפני שבחר?', 'בחר מיד', 'ביקש עזרה', 'עזב את העניין', 'התלבט בין אפשרויות', 4),
(5, 8, 'האישה קראה את המאמר כמה פעמים כדי להבין את הרעיון המרכזי. למה האישה קראה את המאמר כמה פעמים?', 'כי אהבה לקרוא', 'כי לא היה לה זמן', 'כי רצתה לכתוב', 'כדי להבין את הרעיון המרכזי', 4),
(5, 9, 'האיש לא הסכים להצעה למרות שהייתה משתלמת מבחינה כלכלית. מה ניתן להבין מהמשפט?', 'האיש קיבל את ההצעה', 'ההצעה לא הייתה טובה', 'האיש לא הבין', 'האיש בחר לא להסכים למרות היתרון', 4),
(5, 10, 'התלמיד שיפר את הציון לאחר שהקדיש יותר זמן ללמידה. מה גרם לשיפור בציון?', 'עזרה מחברים', 'מבחן קל', 'מזל', 'השקעה בלמידה', 4);

-- ===== SET 6: Level 3, Questions 11-20 =====
INSERT INTO questions (practice_set_id, question_order, question_text, answer_option_1, answer_option_2, answer_option_3, answer_option_4, correct_answer_number) VALUES
(6, 1, 'האישה הגיעה למסקנה לאחר שבחנה את הנתונים לעומק. איך האישה הגיעה למסקנה?', 'לפי תחושה', 'בעזרת חברים', 'במקרה', 'לאחר בחינת הנתונים', 4),
(6, 2, 'למרות שהדרך הייתה ארוכה ומאתגרת, הקבוצה המשיכה עד שהגיעה ליעד. מה הקבוצה עשתה?', 'עצרה באמצע', 'חזרה לאחור', 'התלוננה', 'המשיכה עד היעד', 4),
(6, 3, 'האיש בחר לא להגיב מיד, אלא לחשוב לפני שענה. מה ניתן להבין על האיש?', 'הוא ממהר', 'הוא לא מבין', 'הוא לא עונה', 'הוא חושב לפני תגובה', 4),
(6, 4, 'התלמידים הצליחו במשימה לאחר שעבדו יחד ושיתפו פעולה. למה הצליחו התלמידים?', 'כי עבדו לבד', 'כי המשימה הייתה קלה', 'כי לא ניסו', 'כי שיתפו פעולה', 4),
(6, 5, 'הילדה הרגישה יותר בטוחה לאחר שהתאמנה כמה פעמים. מה גרם לתחושה הטובה יותר?', 'עזרה מהמורה', 'מזל', 'זמן פנוי', 'אימון חוזר', 4),
(6, 6, 'האיש הבין את הטעות רק לאחר שקיבל הסבר נוסף. מתי האיש הבין את הטעות?', 'מיד', 'לפני ההסבר', 'תוך כדי עבודה', 'לאחר הסבר נוסף', 4),
(6, 7, 'התלמיד בחר להתמקד בנושא אחד כדי להבין אותו לעומק. למה התלמיד התמקד בנושא אחד?', 'כי לא היה זמן', 'כי היה קל', 'כי לא רצה ללמוד', 'כדי להבין לעומק', 4),
(6, 8, 'האישה החליטה לפעול לפי דעתה האישית, למרות ההמלצות. מה ניתן להבין על האישה?', 'היא מקשיבה תמיד לאחרים', 'היא לא מבינה', 'היא לא מקבלת החלטות', 'היא פועלת לפי דעתה', 4),
(6, 9, 'האיש שינה את דעתו לאחר שמע מידע חדש בנושא. למה האיש שינה את דעתו?', 'כי התעייף', 'כי לא רצה להחליט', 'כי שכח', 'בגלל מידע חדש', 4),
(6, 10, 'התלמידים התקדמו במהירות לאחר שהבינו את שיטת העבודה. מה עזר לתלמידים להתקדם?', 'מזל', 'זמן', 'עזרה מהמורה בלבד', 'הבנת שיטת העבודה', 4);

-- ===== SET 7: Level 4 Passages 1-5 (10 questions) =====
INSERT INTO questions (practice_set_id, question_order, question_text, answer_option_1, answer_option_2, answer_option_3, answer_option_4, correct_answer_number) VALUES
(7, 1, 'הרכבת נחשבת לאמצעי תחבורה יעיל במיוחד בערים גדולות. היא מאפשרת לאנשים להגיע לעבודה במהירות וללא פקקים. עם זאת, כאשר יש תקלה במערכת, עיכוב קטן יכול לגרום לשיבושים רבים ולפגוע בלוח הזמנים של נוסעים רבים.
למה אנשים מעדיפים להשתמש ברכבת?', 'כי היא זולה יותר', 'כי יש בה יותר מקום', 'כי היא מהירה ואין בה פקקים', 'כי היא פועלת תמיד', 3),
(7, 2, 'הרכבת נחשבת לאמצעי תחבורה יעיל במיוחד בערים גדולות. היא מאפשרת לאנשים להגיע לעבודה במהירות וללא פקקים. עם זאת, כאשר יש תקלה במערכת, עיכוב קטן יכול לגרום לשיבושים רבים ולפגוע בלוח הזמנים של נוסעים רבים.
מה עלול לקרות כאשר יש תקלה?', 'הרכבת נעצרת לנצח', 'הנוסעים יורדים מיד', 'אין שינוי', 'נגרמים עיכובים ושיבושים', 4),
(7, 3, 'בשנים האחרונות עלו מחירי הדיור במדינות רבות. הסיבה לכך היא שילוב של ביקוש גבוה ועצה נמוך. כאשר יש יותר אנשים שרוצים לקנות דירות מאשר דירות זמינות, המחירים עולים באופן טבעי.
למה מחירי הדיור עולים?', 'כי אנשים לא רוצים לקנות דירות', 'כי יש הרבה דירות', 'כי יש ביקוש גבוה ועצה נמוך', 'כי אין אנשים', 3),
(7, 4, 'בשנים האחרונות עלו מחירי הדיור במדינות רבות. הסיבה לכך היא שילוב של ביקוש גבוה ועצה נמוך. כאשר יש יותר אנשים שרוצים לקנות דירות מאשר דירות זמינות, המחירים עולים באופן טבעי.
מה קורה כשיש יותר ביקוש מעצה?', 'המחירים יורדים', 'אין שינוי', 'אנשים לא קונים', 'המחירים עולים', 4),
(7, 5, 'בפיזיקה, כוח הוא גורם שיכול לשנות את תנועת של גוף. לדוגמה, כאשר דוחפים כדור, הוא מתחיל לנוע. ככל שהכוח חזק יותר, כך השינוי בתנועה גדול יותר.
מה יכול כוח לעשות?', 'לעצור זמן', 'לשנות עבצ', 'לשנות תנועה', 'להעלים גוף', 3),
(7, 6, 'בפיזיקה, כוח הוא גורם שיכול לשנות את תנועת של גוף. לדוגמה, כאשר דוחפים כדור, הוא מתחיל לנוע. ככל שהכוח חזק יותר, כך השינוי בתנועה גדול יותר.
מה קורה כאשר מפעילים כוח חזק יותר?', 'אין שינוי', 'הגוף נעלם', 'השינוי בתנועה גדול יותר', 'הגוף נהיה קטן', 3),
(7, 7, 'תחבורה ציבורית נועדה לאפשר לאנשים רבים לנוע ממקום למקום ביעילות. כאשר אנשים יותר משתמשים באוטובוסים וברכבות, יש פחות מכוניות על הכביש, מה שיכול להפחית פקקים וזיהום אוויר.
מה המטרה של תחבורה ציבורית?', 'להגדיל פקקים', 'להעלות מחירים', 'לאפשר תנועה יעילה לאנשים רבים', 'להקטין נסיעות', 3),
(7, 8, 'תחבורה ציבורית נועדה לאפשר לאנשים רבים לנוע ממקום למקום ביעילות. כאשר אנשים יותר משתמשים באוטובוסים וברכבות, יש פחות מכוניות על הכביש, מה שיכול להפחית פקקים וזיהום אוויר.
מה קורה כשיותר אנשים משתמשים בה?', 'יש יותר מכוניות', 'אין שינוי', 'הכבישים נסגרים', 'יש פחות פקקים וזיהום', 4),
(7, 9, 'מדענים חוקרים את החלל כדי להבין את היקום. הם משתמשים בטלסקופים ולוויינים כדי לאסוף מידע על כוכבים וכוכבי לכת. מידע זה עוזר לפתח טכנולוגיות חדשות ולהבין תהליכים טבעיים.
למה מדענים חוקרים את החלל?', 'כדי לטייל', 'כדי לבנות בתים', 'כדי להבין את היקום', 'כדי למצוא עבודה', 3),
(7, 10, 'מדענים חוקרים את החלל כדי להבין את היקום. הם משתמשים בטלסקופים ולוויינים כדי לאסוף מידע על כוכבים וכוכבי לכת. מידע זה עוזר לפתח טכנולוגיות חדשות ולהבין תהליכים טבעיים.
באילו כלים הם משתמשים?', 'מכוניות', 'ספרים', 'טלפונים', 'טלסקופים ולוויינים', 4);

-- ===== SET 8: Level 4 Passages 6-10 (10 questions) =====
INSERT INTO questions (practice_set_id, question_order, question_text, answer_option_1, answer_option_2, answer_option_3, answer_option_4, correct_answer_number) VALUES
(8, 1, 'כאשר מהירות הרכב עולה, גם מרחק הבלימה שלו גדל. לכן חשוב לשמור על מרחק בטוח בין כלי רכב, במיוחד במהירויות גבוהות.
מה קורה למרחק הבלימה כשמהירות הרכב עולה?', 'קטן', 'נשאר אותו דבר', 'נעלם', 'גדל', 4),
(8, 2, 'כאשר מהירות הרכב עולה, גם מרחק הבלימה שלו גדל. לכן חשוב לשמור על מרחק בטוח בין כלי רכב, במיוחד במהירויות גבוהות.
למה חשוב לשמור מרחק?', 'כדי להגיע מהר', 'כדי לחסוך דלק', 'כדי לעצור בבטחה', 'כדי לנסוע לאט', 3),
(8, 3, 'בכלכלה, שוק חופשי הוא מצב שבו מחירים נקבעים לפי היצע וביקוש. כאשר יש תחרות בין חברות, המחירים יכולים לרדת ואיכות המוצרים יכולה לעלות.
מה קובע מחירים בשוק חופשי?', 'הממשלה בלבד', 'מזג האוויר', 'היצע וביקוש', 'אנשים בודדים', 3),
(8, 4, 'בכלכלה, שוק חופשי הוא מצב שבו מחירים נקבעים לפי היצע וביקוש. כאשר יש תחרות בין חברות, המחירים יכולים לרדת ואיכות המוצרים יכולה לעלות.
מה יכולה תחרות בין חברות לגרום?', 'לעליית מחירים', 'לסגירת שוק', 'לירידת מחירים ושיפור איכות', 'להפסקת מכירה', 3),
(8, 5, 'אנרגיה היא היכולת לבצע עבודה. יש סוגים שונים של אנרגיה, כמו אנרגיית תנועה ואנרגיית חום. אנרגיה לא נעלמת, אלא משתנה מצורה אחת לאחרת.
מהי אנרגיה?', 'חומר', 'צבע', 'יכולת לבצע עבודה', 'מקום', 3),
(8, 6, 'אנרגיה היא היכולת לבצע עבודה. יש סוגים שונים של אנרגיה, כמו אנרגיית תנועה ואנרגיית חום. אנרגיה לא נעלמת, אלא משתנה מצורה אחת לאחרת.
מה קורה לאנרגיה?', 'נעלמת', 'נהרסת', 'נשארת קבועה תמיד', 'משתנה מצורה לצורה', 4),
(8, 7, 'מערכות תחבורה חכמות משתמשות בטכנולוגיה כדי לשפר את זרימת התנועה. לדוגמה, רמזורים חכמים יכולים לשנות את זמני האור לפי עומס התנועה.
מה מערכות תחבורה חכמות עושות?', 'עוצרות תנועה', 'מגדילות פקקים', 'משפרות את זרימת התנועה', 'סוגרות כבישים', 3),
(8, 8, 'מערכות תחבורה חכמות משתמשות בטכנולוגיה כדי לשפר את זרימת התנועה. לדוגמה, רמזורים חכמים יכולים לשנות את זמני האור לפי עומס התנועה.
איך רמזורים חכמים פועלים?', 'לפי שעה קבועה', 'לפי צבעים בלבד', 'ללא שינוי', 'לפי עומס התנועה', 4),
(8, 9, 'במדע, ניסוי הוא דרך לבדוק השערה. החוקרים משנים גורם אחד ובודקים איך זה משפיע על התוצאה, כדי להבין קשרים בין משתנים.
מה המטרה של ניסוי?', 'לשחק', 'לבנות', 'לבדוק השערה', 'לכתוב ספר', 3),
(8, 10, 'במדע, ניסוי הוא דרך לבדוק השערה. החוקרים משנים גורם אחד ובודקים איך זה משפיע על התוצאה, כדי להבין קשרים בין משתנים.
מה עושים החוקרים בניסוי?', 'לא משנים כלום', 'משנים הכל', 'מפסיקים לעבוד', 'משנים גורם ובודקים תוצאה', 4);

-- ===== SET 9: Level 5 Passages 1-5 (10 questions) =====
INSERT INTO questions (practice_set_id, question_order, question_text, answer_option_1, answer_option_2, answer_option_3, answer_option_4, correct_answer_number) VALUES
(9, 1, 'בעשורים האחרונים מערכות רכבת מהירה הפכו לפתרון מרכזי לפקקים בערים גדולות, שכן הן מאפשרות מעבר מהיר של נוסעים בין אזורים שונים ללא תלות בעומסי כבישים. עם זאת, הקמה ותחזוקה של מערכות כאלה דורשות השקעה כספית גבוהה ותכנון מדויק לטווח ארוך.
למה רכבת מהירה נחשבת פתרון טוב בערים גדולות?', 'כי היא זולה מאוד', 'כי היא פועלת תמיד ללא תקלות', 'כי היא איטית יותר ממכוניות', 'כי היא מאפשרת מעבר מהיר ללא פקקים', 4),
(9, 2, 'בעשורים האחרונים מערכות רכבת מהירה הפכו לפתרון מרכזי לפקקים בערים גדולות, שכן הן מאפשרות מעבר מהיר של נוסעים בין אזורים שונים ללא תלות בעומסי כבישים. עם זאת, הקמה ותחזוקה של מערכות כאלה דורשות השקעה כספית גבוהה ותכנון מדויק לטווח ארוך.
מה החיסרון של מערכות רכבת מהירה?', 'שהן לא נוחות', 'שאין בהן נוסעים', 'שהן דורשות השקעה כספית גבוהה', 'שהן פועלות רק בלילה', 3),
(9, 3, 'בכלכלה מודרנית, עליית מחירים אינה נובעת רק מביקוש ועצה, אלא גם מגורמים כמו מדיניות ממשלתית, שינויים בשוק העבודה ועלויות ייצור. כאשר עלויות הייצור עולות, חברות נוטות להעלות מחירים כדי לשמור על רווחיות.
מה יכול לגרום לעליית מחירים?', 'מזג האוויר בלבד', 'רצון הצרכנים בלבד', 'ירידת ביקוש בלבד', 'עלויות ייצור ומדיניות כלכלית', 4),
(9, 4, 'בכלכלה מודרנית, עליית מחירים אינה נובעת רק מביקוש ועצה, אלא גם מגורמים כמו מדיניות ממשלתית, שינויים בשוק העבודה ועלויות ייצור. כאשר עלויות הייצור עולות, חברות נוטות להעלות מחירים כדי לשמור על רווחיות.
למה חברות מעלות מחירים?', 'כדי להפסיד כסף', 'כדי לעצור ייצור', 'כדי להקטין ביקוש', 'כדי לשמור על רווחיות', 4),
(9, 5, 'בפיזיקה, תנועה של גוף מושפעת מכוחות הפועלים עליו, כמו כוח המשיכה וכוח החיכוך. כאשר כוח אחד גדול מהשני, התנועה משתנה בהתאם. הבנה של עקרונות אלה חשובה לפיתוח טכנולוגיות כמו כלי רכב ומטוסים.
מה משפיע על תנועה של גוף?', 'צבע הגוף', 'גודל בלבד', 'זמן בלבד', 'כוחות הפועלים עליו', 4),
(9, 6, 'בפיזיקה, תנועה של גוף מושפעת מכוחות הפועלים עליו, כמו כוח המשיכה וכוח החיכוך. כאשר כוח אחד גדול מהשני, התנועה משתנה בהתאם. הבנה של עקרונות אלה חשובה לפיתוח טכנולוגיות כמו כלי רכב ומטוסים.
למה חשוב להבין עקרונות אלה?', 'כדי לכתוב ספרים', 'כדי לשחק', 'כדי לנוח', 'כדי לפתח טכנולוגיות', 4),
(9, 7, 'מערכות תחבורה חכמות משלבות חיישנים ותוכנות מתקדמות כדי לנתח את מצב התנועה בזמן אמת. באמצעות מידע זה ניתן לשנות זמני רמזורים ולהפחית עומסים בכבישים.
מה מערכות תחבורה חכמות עושות?', 'עוצרות תנועה', 'מבטלות כבישים', 'מנתחות את מצב התנועה בזמן אמת', 'מגדילות פקקים', 3),
(9, 8, 'מערכות תחבורה חכמות משלבות חיישנים ותוכנות מתקדמות כדי לנתח את מצב התנועה בזמן אמת. באמצעות מידע זה ניתן לשנות זמני רמזורים ולהפחית עומסים בכבישים.
איך הן מפחיתות עומס?', 'על ידי סגירת כבישים', 'על ידי הוספת רכבים', 'על ידי שינוי זמני רמזורים', 'על ידי ביטול נסיעות', 3),
(9, 9, 'מחקר מדעי מתבסס על בדיקת השערות באמצעות ניסויים מבוקרים. החוקרים משנים משתנה אחד ובוחנים את השפעתו, תוך שמירה על שאר התנאים קבועים ככל האפשר.
איך בודקים השערה?', 'על ידי ניחוש', 'על ידי קריאה בלבד', 'על ידי שיחה', 'באמצעות ניסויים מבוקרים', 4),
(9, 10, 'מחקר מדעי מתבסס על בדיקת השערות באמצעות ניסויים מבוקרים. החוקרים משנים משתנה אחד ובוחנים את השפעתו, תוך שמירה על שאר התנאים קבועים ככל האפשר.
מה עושים החוקרים בניסוי?', 'משנים הכל', 'לא משנים דבר', 'משנים משתנה אחד בלבד', 'מפסיקים את הניסוי', 3);

-- ===== SET 10: Level 5 Passages 6-10 (10 questions) =====
INSERT INTO questions (practice_set_id, question_order, question_text, answer_option_1, answer_option_2, answer_option_3, answer_option_4, correct_answer_number) VALUES
(10, 1, 'שימוש באנרגיה מתחדשת, כמו שמש ורוח, הולך וגדל בעולם בשל הרצון להפחית זיהום ולהקטין תלות בדלקים מזהמים. עם זאת, הפקת אנרגיה זו תלויה בתנאי מזג האוויר ולכן אינה יציבה תמיד.
למה משתמשים באנרגיה מתחדשת?', 'כי היא יקרה יותר', 'כי היא מסוכנת', 'כי היא איטית', 'כדי להפחית זיהום', 4),
(10, 2, 'שימוש באנרגיה מתחדשת, כמו שמש ורוח, הולך וגדל בעולם בשל הרצון להפחית זיהום ולהקטין תלות בדלקים מזהמים. עם זאת, הפקת אנרגיה זו תלויה בתנאי מזג האוויר ולכן אינה יציבה תמיד.
מה החיסרון באנרגיה מתחדשת?', 'שהיא מזהמת', 'שהיא יקרה בלבד', 'שהיא תלויה במזג האוויר', 'שהיא לא קיימת', 3),
(10, 3, 'ככל שהעיר גדלה, כך גדל גם הצורך בתשתיות מתקדמות כמו כבישים, תחבורה ציבורית ומערכות מים. ללא תכנון נכון, עלולים להיווצר עומסים ובעיות תפקוד.
מה קורה כשהעיר גדלה?', 'אין שינוי', 'יש פחות אנשים', 'אין צורך בתשתיות', 'יש צורך בתשתיות מתקדמות', 4),
(10, 4, 'ככל שהעיר גדלה, כך גדל גם הצורך בתשתיות מתקדמות כמו כבישים, תחבורה ציבורית ומערכות מים. ללא תכנון נכון, עלולים להיווצר עומסים ובעיות תפקוד.
מה עלול לקרות ללא תכנון נכון?', 'שיפור במצב', 'פחות עומס', 'עומסים ובעיות תפקוד', 'ירידה באוכלוסייה', 3),
(10, 5, 'במערכת החינוך, שילוב טכנולוגיה מאפשר לתלמידים ללמוד בדרכים חדשות ואינטראקטיביות. עם זאת, שימוש מוגזם בטכנולוגיה עלול לפגוע בריכוז ובהבנה עמוקה.
מה ההיתרון בשימוש בטכנולוגיה בלמידה?', 'הפחתת ידע', 'ביטול לימודים', 'למידה אינטראקטיבית', 'פחות הבנה', 3),
(10, 6, 'במערכת החינוך, שילוב טכנולוגיה מאפשר לתלמידים ללמוד בדרכים חדשות ואינטראקטיביות. עם זאת, שימוש מוגזם בטכנולוגיה עלול לפגוע בריכוז ובהבנה עמוקה.
מה החיסרון בשימוש מוגזם?', 'שיפור ריכוז', 'יותר הבנה', 'אין שינוי', 'פגיעה בריכוז', 4),
(10, 7, 'התחממות כדור הארץ גורמת לשינויים במזג האוויר, כמו עלייה בטמפרטורות והתרבות אירועי קיצון. שינויים אלו משפיעים על חקלאות, מים וחיי האדם.
מה התחממות כדור הארץ גורמת?', 'ירידה בטמפרטורה', 'הפסקת גשמים', 'שינויים במזג האוויר', 'יציבות מוחלטת', 3),
(10, 8, 'התחממות כדור הארץ גורמת לשינויים במזג האוויר, כמו עלייה בטמפרטורות והתרבות אירועי קיצון. שינויים אלו משפיעים על חקלאות, מים וחיי האדם.
על מה משפיעים שינויים אלו?', 'רק על אוויר', 'רק על מים', 'על חקלאות וחיי אדם', 'רק על בעלי חיים', 3),
(10, 9, 'כאשר אנשים עובדים בצוות, הם יכולים לשלב כישורים שונים ולהגיע לפתרונות יותר יצירתיים. עם זאת, אם אין תקשורת טובה, העבודה עלולה להיות פחות יעילה.
מה ההיתרון בעבודה בצוות?', 'פחות עבודה', 'פחות רעיונות', 'שילוב כישורים ופתרונות יצירתיים', 'עבודה איטית', 3),
(10, 10, 'כאשר אנשים עובדים בצוות, הם יכולים לשלב כישורים שונים ולהגיע לפתרונות יותר יצירתיים. עם זאת, אם אין תקשורת טובה, העבודה עלולה להיות פחות יעילה.
מה קורה ללא תקשורת טובה?', 'שיפור בעבודה', 'יותר רעיונות', 'אין שינוי', 'ירידה ביעילות העבודה', 4);
